<?xml version="1.0" encoding="UTF-8"?>
<project-private xmlns="http://www.netbeans.org/ns/project-private/1">
    <editor-bookmarks xmlns="http://www.netbeans.org/ns/editor-bookmarks/2" lastBookmarkId="0"/>
    <open-files xmlns="http://www.netbeans.org/ns/projectui-open-files/2">
        <group>
            <file>file:/home/lakhouaja/Alkhalil-Tools/Modifies/ADAT-Lemmatization.v1.20180101/File-OUT-Lemma1.txt</file>
            <file>file:/home/lakhouaja/Alkhalil-Tools/Modifies/ADAT-Lemmatization.v1.20180101/src/main/MainLemmatizer.java</file>
        </group>
    </open-files>
</project-private>
