<?xml version="1.0" encoding="UTF-8"?>
<project-private xmlns="http://www.netbeans.org/ns/project-private/1">
    <editor-bookmarks xmlns="http://www.netbeans.org/ns/editor-bookmarks/2" lastBookmarkId="0"/>
    <open-files xmlns="http://www.netbeans.org/ns/projectui-open-files/2">
        <group>
            <file>file:/home/lakhouaja/Alkhalil-tools/AlkhalilMorphSys2/src/net/oujda_nlp_team/main/ALKHALIL2.java</file>
            <file>file:/home/lakhouaja/Alkhalil-tools/AlkhalilMorphSys2/src/net/oujda_nlp_team/util/BuildResults.java</file>
        </group>
    </open-files>
</project-private>
